pid,name,alter,geschlecht,land,branche,subfokus,rolle,arbeitet_fachlich_mit,teamgroesse,jahresumsatz_eur,tech_affinitaet,digitale_reife,haltung,buchungswahrscheinlichkeit,nuetzlichster_teil,groesster_einwand,vertrauen_externe_gesundheitsdaten,aufbau_zu_guenstig,aufbau_guenstig,aufbau_teuer,aufbau_zu_teuer,aufbau_ideal,retainer_zu_guenstig,retainer_guenstig,retainer_teuer,retainer_zu_teuer,retainer_ideal
P001,Ramona,53,weiblich,CH,Physiotherapie-/Therapiepraxis,Sportphysio & Reha,"Inhaberin/Inhaber, rein unternehmerisch (kaum noch fachlich am Menschen)",False,8,610000,4,4,desinteressiert / sieht keinen Bedarf,4,"Internes Wissensmanagement und Kommunikation im Team, damit nicht alles über mich läuft; auch Aufnahme neuer Klienten mit weniger manueller Wiederholungsarbeit","Was passiert nach der Einrichtung, wenn die externe Person weg ist und etwas klemmt? Und der Eigenaufwand für Erklärungen und Entscheidungen während der Umsetzung ist nicht gratis – das Wort KI-gestützt braucht für mich sehr konkrete Erklärung","Sehr sensibel – brauche klare schriftliche Antworten zu Datenspeicherort (Schweiz), Zugriffsrechten, Vertrag und Referenzen aus dem Gesundheitsbereich; bei Vagheit sofort kein Interesse mehr",800.0,1500.0,3500.0,5500.0,2200.0,100.0,200.0,450.0,700.0,280.0
P002,Sabine,60,weiblich,DE,Ernährungs-/Gesundheitszentrum,Stoffwechsel & Darmgesundheit,Mitarbeitende Leitung (führt UND arbeitet selbst fachlich mit),True,6,476000,3,3,früher Anwender / probiert gern Neues,6,Automatisierte Terminorganisation mit Wartelistenverwaltung und strukturierter Aufnahmeprozess für neue Klienten,"Datenschutz bei hochsensiblen Gesundheitsdaten – 'datenschutzkonform' als Wort reicht nicht, konkrete Systeme und Verträge müssen geprüft werden; außerdem Sorge um Verlust der persönlichen Klientenbeziehung durch Automatisierung","Niedrig bis mittel zu Beginn – abhängig von Referenzen im Gesundheitsbereich, schriftlichem Datenschutzkonzept und persönlichem Bauchgefühl im Gespräch",500.0,1500.0,3500.0,6000.0,2200.0,100.0,250.0,500.0,900.0,350.0
P003,Tanja,38,weiblich,CH,Personal-Training-Studio,1:1 Personal Training,Mitarbeitende Leitung (führt UND arbeitet selbst fachlich mit),True,6,399000,2,2,skeptisch,4,"Terminorganisation und Aufnahme neuer Klienten – wiederkehrender manueller Prozess mit grösstem Sparpotenzial; zweitens internes Wissensmanagement, da alles nur im Kopf der Inhaberin ist","Angst vor Systemkomplexität nach Einrichtung, Skepsis gegenüber KI-Kommunikation mit Klienten wegen Verlust der Persönlichkeit, und der versteckte Zeitaufwand bei Einführung wird unterschätzt; sensibelster Punkt: Datenschutz bei persönlichen Klientendaten","Sehr niedrig ohne konkrete Antworten: Will genau wissen was gespeichert wird, wo, auf welchen Servern, Schweiz-konform – 'datenschutzkonform' allein reicht nicht als Beruhigung; dies ist die grösste Hürde überhaupt",500.0,1500.0,3500.0,6000.0,2200.0,100.0,200.0,450.0,800.0,280.0
P004,Janine,56,weiblich,CH,Präventions-/BGF-Anbieter,betriebliche Gesundheitsförderung,Mitarbeitende Leitung (führt UND arbeitet selbst fachlich mit),True,10,674000,4,4,neugierig-offen,7,Internes Wissensmanagement und Rapportierung sowie systematisierte Kommunikation mit Firmenkunden rund um Offerten und Auftragsabwicklung,Unklarer Aufwand der Erstanalyse für mich selbst; Zweifel ob jemand Externes die Individualität von BGF-Projekten wirklich versteht; keine Garantie für Nachhaltigkeit nach Projektende,"Grundsätzlich möglich, aber nur mit lückenlosen Antworten zu Datenspeicherung (CH/EU), Auftragsverarbeitungsvertrag, revDSG-Konformität und klarer Abgrenzung welche Daten überhaupt zugänglich sind – kein Verhandlungsspielraum",800.0,2500.0,5500.0,9000.0,3500.0,100.0,250.0,550.0,900.0,380.0
P005,Andrea,34,weiblich,DE,Wellness-/Longevity-Praxis (Premium),Longevity & Healthspan,"Inhaberin/Inhaber, rein unternehmerisch (kaum noch fachlich am Menschen)",False,2,214000,3,4,stark skeptisch,6,"Internes Wissensmanagement – zu viel implizites Wissen sitzt nur im Kopf der Inhaberin; zweitens Aufnahme neuer Klienten, die noch sehr manuell und inhaberabhängig ist",Angst vor Einheitslösung die nicht zur Premium-Individualität der Praxis passt; versteckter Zeitaufwand bei Einführung wird unterschätzt,"Sehr kritisch – will konkrete DSGVO-Nachweise, Datenspeicherung und Zugriffsrechte schriftlich geklärt haben; im Zweifel externe Datenschutzprüfung",800.0,1500.0,3500.0,5500.0,2200.0,100.0,200.0,450.0,700.0,300.0
P006,Thomas,30,männlich,DE,Physiotherapie-/Therapiepraxis,Osteopathie,Mitarbeitende Leitung (führt UND arbeitet selbst fachlich mit),True,8,635000,5,5,desinteressiert / sieht keinen Bedarf,5,"Terminorganisation und Patientenkommunikation – größter manueller Brocken; internes Wissensmanagement wäre strukturell wichtiger, aber da bin ich am skeptischsten",Einführung kostet mich selbst zu viel Zeit; nach Abgang der externen Person bleibt System das niemand intern wirklich betreuen kann,"Sehr kritisch – DSGVO, persönliche Haftung, Serverlage und Datenzugang müssen klar und lückenlos sein; vage Antworten wären K.O.-Kriterium",500.0,1500.0,3500.0,6000.0,2200.0,100.0,250.0,500.0,900.0,350.0
P007,Janine,43,weiblich,CH,Ernährungs-/Gesundheitszentrum,Stoffwechsel & Darmgesundheit,Mitarbeitende Leitung (führt UND arbeitet selbst fachlich mit),True,7,462000,3,3,pragmatisch-abwägend,6,Terminorganisation und strukturierte Aufnahme neuer Klienten – beides ist aktuell manuell und zeitaufwändig,"Datenschutz bei sensiblen Gesundheitsdaten ist K.O.-Kriterium; außerdem fehlt Klarheit, was 'KI-gestützt' konkret bedeutet und wo Daten liegen","Gering als Ausgangspunkt – braucht klare Nachweise: Serverstandort Schweiz/EU, DSG-Konformität, Auftragsverarbeitungsvertrag, definierte Zugriffsrechte",800.0,1500.0,3500.0,5500.0,2200.0,80.0,180.0,350.0,550.0,220.0
P008,Beat,50,männlich,CH,Personal-Training-Studio,EMS-Studio,Mitarbeitende Leitung (führt UND arbeitet selbst fachlich mit),True,2,161000,1,1,pragmatisch-abwägend,5,Selbstständige Terminbuchung durch Klienten inkl. Absagen und Erinnerungen; digitales Onboarding neuer Klienten mit Online-Formularen,"Angst vor neuer technischer Abhängigkeit und zu komplexen Systemen; Sorge, dass KI-Automatisierung die persönliche Beziehung zu Klienten beschädigt","Sehr kritisch – will genaue Antworten zu Datenspeicherung (Serverstandort, Schweizer Datenschutz), keine Floskeln; Vertrauen muss aktiv erarbeitet werden",500.0,1500.0,2500.0,4000.0,1800.0,100.0,200.0,350.0,500.0,250.0
P009,Lukas,57,männlich,CH,Präventions-/BGF-Anbieter,Rückenschule & Prävention,Mitarbeitende Leitung (führt UND arbeitet selbst fachlich mit),True,8,651000,3,2,überfordert / zu wenig Zeit,6,Terminorganisation und automatisierte Kursanmeldungen; internes Wissensmanagement um Abhängigkeit von meiner Person zu reduzieren,"Aufwand der Einführungsphase – Zeit für Dateneingabe, Prozessbeschreibung, Teamschulung fehlt; Sorge um digitale Überforderung des Teams; unklare Folgekosten","Sehr heikel – will konkrete Antworten zu Datenspeicherort, Zugriff, DSG/DSGVO-Konformität; kein Vertrauen auf Basis von Marketingaussagen; würde rechtliche Prüfung einschalten",500.0,1500.0,3500.0,6000.0,2200.0,80.0,200.0,450.0,800.0,290.0
P010,Julia,36,weiblich,DE,Wellness-/Longevity-Praxis (Premium),Spa & Privatklinik-nah,Mitarbeitende Leitung (führt UND arbeitet selbst fachlich mit),True,3,272000,5,5,neugierig-offen,7,Klienten-Onboarding-Automatisierung und internes Wissensmanagement – größter Hebel und echtes Risiko bei Personalausfall,Generische Kommunikation würde Premium-Positionierung beschädigen; Abhängigkeit von externem Anbieter ohne eigene Wartungskompetenz danach,"Sehr kritisch – Datenspeicherort, Zertifizierungen, Zugriffsrechte und wasserdichter AVV sind Pflicht; bei vagen Antworten sofortiger Abbruch",800.0,1800.0,3500.0,5500.0,2400.0,150.0,280.0,490.0,700.0,350.0
P011,Tobias,44,männlich,DE,Physiotherapie-/Therapiepraxis,Osteopathie,"Inhaberin/Inhaber, rein unternehmerisch (kaum noch fachlich am Menschen)",False,4,279000,2,1,überfordert / zu wenig Zeit,5,Terminorganisation und automatische Patientenkommunikation – sowie digitale Aufnahme neuer Klienten statt Papierbögen,"Schlechte Erfahrung mit früherer Softwareeinführung – Angst vor Aufwand der Umstellung, fehlender Nachbetreuung und vor Dingen die ich nicht verstehe (KI)","Sehr heikel – brauche konkrete Nachweise, Zertifizierungen und persönliche Referenzen, nicht nur das Wort 'datenschutzkonform'",500.0,1500.0,3000.0,5000.0,2000.0,50.0,120.0,250.0,400.0,150.0
P012,Stefanie,33,weiblich,DE,Ernährungs-/Gesundheitszentrum,Diätologie,Mitarbeitende Leitung (führt UND arbeitet selbst fachlich mit),True,9,430000,4,5,desinteressiert / sieht keinen Bedarf,4,"Onboarding und internes Wissensmanagement – kein direkter Klient:innendatenbezug, klarer interner Schmerz, konkret lösbar",Zeitaufwand für die Analyse selbst wird unterschätzt; externe Person versteht Fachlogik eines Diätologie-Betriebs nicht nach einem Erstgespräch; generische Lösungen passen oft nicht,"Sehr niedrig ohne konkrete Nachweise – DSGVO-konform als Schlagwort reicht nicht; will AVV, Transparenz über Datenverarbeitung und verständliche Erklärung, welche KI-Systeme Daten verarbeiten",800.0,1500.0,3500.0,6000.0,2200.0,150.0,300.0,600.0,1000.0,380.0
P013,Daniel,53,männlich,DE,Personal-Training-Studio,Small-Group-Training,"Inhaberin/Inhaber, rein unternehmerisch (kaum noch fachlich am Menschen)",False,4,246000,4,3,überfordert / zu wenig Zeit,6,"Terminorganisation und Kundenkommunikation, sowie digitalisierter Aufnahmeprozess für neue Klienten",Unklare Folgekosten nach der Erstanalyse und hoher eigener Zeitaufwand während der Einführungsphase befürchtet,"Kritisch – will konkrete, nicht pauschale Antworten zu Datenspeicherung, Zugriff und DSGVO; Floskeln reichen nicht",500.0,1500.0,3000.0,4500.0,2000.0,80.0,150.0,280.0,400.0,180.0
P027,Lukas,54,männlich,CH,Ernährungs-/Gesundheitszentrum,Gewichtsmanagement,Mitarbeitende Leitung (führt UND arbeitet selbst fachlich mit),True,3,241000,2,2,neugierig-offen,6,"Automatisierte Terminorganisation und Klientenkommunikation – direkt spürbarer Zeitgewinn; sekundär: Dokumentation interner Abläufe, aber noch zu abstrakt",Fehlende Branchenspezifik der externen Person; eigene Kapazität für Einführung fehlt – kein Zeit-Budget für langwierige Umstellung während laufendem Betrieb,"Grosser Knackpunkt – will konkrete Nachweise zu Datenspeicherort, Zugriffsrechten und Haftung; Versprechen reichen nicht, braucht vertragliche Grundlage nach Schweizer Datenschutz",500.0,1500.0,3500.0,5500.0,2200.0,80.0,200.0,380.0,550.0,270.0
P028,Bernhard,44,männlich,AT,Personal-Training-Studio,Frauen-Fitness-Studio,Mitarbeitende Leitung (führt UND arbeitet selbst fachlich mit),True,7,564000,3,4,neugierig-offen,7,Internes Wissensmanagement und strukturiertes Onboarding neuer Klientinnen – trifft den echten Schmerzpunkt,Angst vor Unpersönlichkeit durch Automatisierung (Beziehungsqualität ist unser Kernwert) und versteckter Aufwand bei Implementierung,"Kritisch – braucht Transparenz über Datenlage, DSGVO-Ernsthaftigkeit und Zeit zum Vertrauensaufbau; kein automatisches Vertrauen",800.0,1800.0,3500.0,6000.0,2400.0,100.0,250.0,500.0,900.0,350.0
P029,Franziska,55,weiblich,DE,Präventions-/BGF-Anbieter,Rückenschule & Prävention,Mitarbeitende Leitung (führt UND arbeitet selbst fachlich mit),True,2,150000,2,1,desinteressiert / sieht keinen Bedarf,3,Automatisierung der Verwaltungsarbeit – Rechnungsstellung und Auswertungen für Firmenkunden; Terminorganisation per Telefon wird bewusst beibehalten wegen persönlicher Beziehungsqualität,"Angst vor dem Umstellungsaufwand bei laufendem Betrieb ohne Puffer; Zweifel ob informelle, erfahrungsbasierte Prozesse digitalisierbar sind; Misstrauen gegenüber Folgekosten nach kostenloser Erstanalyse","Sehr niedrig – Datenschutz ist K.o.-Kriterium; will genau verstehen wer Zugriff hat, wo Daten liegen und was damit passiert; 'datenschutzkonform' allein reicht nicht als Beruhigung",300.0,900.0,2000.0,3500.0,1200.0,50.0,110.0,200.0,350.0,150.0
P030,Gerald,51,männlich,AT,Wellness-/Longevity-Praxis (Premium),Spa & Privatklinik-nah,Mitarbeitende Leitung (führt UND arbeitet selbst fachlich mit),True,6,377000,3,4,skeptisch,6,"Terminorganisation und Klientenkommunikation als größter Zeitfresser; danach Aufnahmeprozess neuer Klienten, der noch nicht strukturiert genug ist",Premium-Markenkern darf nicht durch unpersönliche Automatisierung beschädigt werden; fehlende Betreuung nach Einrichtung – wer wartet das System langfristig wenn externe Person weg ist,"Kritisch – klare DSGVO-konforme Nachweise erforderlich, Datenlage und Zugriffe schriftlich, Rücksprache mit Steuerberater und Anwalt vor Zustimmung",500.0,1500.0,3500.0,5500.0,2200.0,100.0,250.0,500.0,800.0,350.0
P031,Daniela,35,weiblich,CH,Physiotherapie-/Therapiepraxis,Ergotherapie,Mitarbeitende Leitung (führt UND arbeitet selbst fachlich mit),True,8,481000,3,4,skeptisch,5,Internes Wissensmanagement als größter Schmerzpunkt; an zweiter Stelle Terminorganisation und Ausfallkommunikation; Klientenaufnahme interessant aber datenschutzsensibel,"Datenschutz bei Gesundheits- und Diagnosedaten (nDSG); Angst vor Abhängigkeit von externem Dienstleister, der danach nicht mehr verfügbar ist","Gering als Ausgangspunkt – Datenspeicherung CH/EU zwingend, Auftragsverarbeitungsvertrag, Referenzen aus Gesundheitsbereich erforderlich; Vertrauen braucht Zeit",800.0,1800.0,3500.0,5500.0,2400.0,150.0,280.0,480.0,700.0,350.0
P032,Stefan,33,männlich,DE,Ernährungs-/Gesundheitszentrum,Stoffwechsel & Darmgesundheit,Mitarbeitende Leitung (führt UND arbeitet selbst fachlich mit),True,6,357000,2,1,desinteressiert / sieht keinen Bedarf,4,Terminorganisation – täglicher Schmerzpunkt; danach strukturierte Neukundenaufnahme,System wird eingerichtet und dann bin ich allein damit; außerdem unklar was KI-gestützt konkret bedeutet und ob Entscheidungen abgegeben werden,"Kritisch – Datenschutz muss wirklich verständlich erklärt werden, nicht nur formal zugesichert; Vertrauen muss erarbeitet werden",500.0,1500.0,3500.0,5500.0,2200.0,80.0,180.0,350.0,500.0,220.0
P033,Sabine,35,weiblich,DE,Personal-Training-Studio,Frauen-Fitness-Studio,Mitarbeitende Leitung (führt UND arbeitet selbst fachlich mit),True,7,337000,4,5,pragmatisch-abwägend,7,Automatisierter Aufnahmeprozess für neue Klientinnen (Erstanfrage bis Vertragsabschluss) und strukturiertes internes Wissensmanagement für Onboarding,"Datenschutz muss konkret und belegt sein, nicht nur behauptet; Sorge dass Automatisierung den persönlichen Charakter des Studios zerstört und ältere Kundinnen irritiert","Verhalten skeptisch – Vertrauen muss aktiv verdient werden durch konkrete Transparenz zu Tools, Datenspeicherung, DSGVO und schriftliche Vereinbarungen; keine Selbstverständlichkeit",500.0,1500.0,3000.0,4500.0,2000.0,100.0,200.0,400.0,600.0,280.0
P034,Julia,53,weiblich,DE,Präventions-/BGF-Anbieter,Gesundheitscoaching für Firmen,Mitarbeitende Leitung (führt UND arbeitet selbst fachlich mit),True,6,577000,4,5,skeptisch,6,Strukturierter Aufnahmeprozess für neue Klienten und internes Wissensmanagement im Team,Datenschutz bei Gesundheitsdaten ist nicht nur Formalität – echte Haftungsfrage; außerdem Zweifel an Nachhaltigkeit ohne laufende externe Betreuung,"Grundsätzlich niedrig – braucht Nachweise zu Servern/DSGVO, echten AVV, Referenzen aus dem Gesundheitsbereich; ohne das kein Zugang zu Klientendaten",800.0,1500.0,3500.0,5500.0,2200.0,100.0,200.0,450.0,700.0,280.0
P035,Janine,42,weiblich,CH,Wellness-/Longevity-Praxis (Premium),Hormone & Performance,"Inhaberin/Inhaber, rein unternehmerisch (kaum noch fachlich am Menschen)",False,10,800000,3,3,neugierig-offen,7,Strukturiertes Klienten-Onboarding und automatisierte Klientenkommunikation; sowie internes Wissensmanagement um Abhängigkeit von eigener Präsenz zu reduzieren,Zu generisch wirkend – fehlendes Branchenverständnis für Premiumsegment Gesundheit; Skepsis gegenüber 'kostenlos' als verstecktem Einstieg; Zweifel ob Einrichtung nachhaltig begleitet wird,"Sehr kritisch – braucht klare Verträge, Datenhaltung Schweiz/EU, Transparenz über KI-Zugriff auf Gesundheitsdaten; kein blindes Vertrauen, ggf. rechtliche Prüfung",2000.0,4500.0,9000.0,14000.0,6500.0,200.0,450.0,900.0,1600.0,650.0
P036,Andrea,57,weiblich,DE,Physiotherapie-/Therapiepraxis,Sportphysio & Reha,Mitarbeitende Leitung (führt UND arbeitet selbst fachlich mit),True,6,395000,5,4,neugierig-offen,7,Wissensmanagement – implizites Wissen strukturieren und für das Team zugänglich machen; an zweiter Stelle Aufnahme neuer Klienten,"Datenschutz bei Gesundheitsdaten – DSGVO-Konformität muss wasserdicht sein, nicht nur auf dem Papier; zweiter Einwand: Einführungsaufwand in kleinem Team mit parallelem Praxisbetrieb","Konditioniertes Vertrauen – nur mit schriftlichen Garantien, AVV, klaren Serverstandorten und Referenzen aus dem Gesundheitsbereich",800.0,1800.0,3500.0,5500.0,2500.0,80.0,150.0,290.0,450.0,200.0
P037,Gerald,60,männlich,AT,Ernährungs-/Gesundheitszentrum,Stoffwechsel & Darmgesundheit,"Inhaberin/Inhaber, rein unternehmerisch (kaum noch fachlich am Menschen)",False,3,202000,5,5,stark skeptisch,6,Terminmanagement und Klientenkommunikation als dringlichstes Alltagsproblem; internes Wissensmanagement als langfristig wertvollstes Element auch für Nachfolgethematik,"Technik scheitert nicht an sich, sondern an Mitarbeiter-Akzeptanz – externes System hilft nicht wenn Team es nicht nutzt; außerdem Misstrauen gegenüber versteckten Folgekosten nach kostenlosem Einstieg","Sehr kritisch – Serverstandort, Zugriffskontrolle und konkrete DSGVO-Umsetzung sind Bedingungen, nicht Selbstverständlichkeiten; Vertrauen muss aktiv erarbeitet werden",500.0,1500.0,3500.0,5000.0,2000.0,80.0,200.0,400.0,600.0,250.0
P051,Sandra,51,weiblich,AT,Physiotherapie-/Therapiepraxis,Logopädie im Verbund,"Inhaberin/Inhaber, rein unternehmerisch (kaum noch fachlich am Menschen)",False,3,223000,1,1,skeptisch,5,"Terminorganisation – selbstständige Buchung/Absage durch Patienten, automatische Erinnerungen; konkret und sofort spürbar im Alltag",Angst vor komplexer Umsetzung und Folgeaufwand; Zweifel ob Lösung wirklich zu kleiner Therapiepraxis mit Kassenverträgen und österreichischem Datenschutz passt oder nur Standardlösung kommt,"Sehr gering ohne klare schriftliche Antworten zu Datenspeicherung, Serverstandort (AT/EU), und Ausfallszenario; würde Rücksprache mit Steuerberater halten bevor Entscheidung",500.0,1500.0,2800.0,4500.0,1900.0,80.0,150.0,280.0,400.0,180.0
P052,Klaus,37,männlich,AT,Ernährungs-/Gesundheitszentrum,Gewichtsmanagement,"Inhaberin/Inhaber, rein unternehmerisch (kaum noch fachlich am Menschen)",False,2,150000,4,4,neugierig-offen,7,Automatisierter Erstkundenprozess (Anfrage bis Termin) und automatisierte Kommunikation mit bestehenden Klienten in Betreuungsprogrammen,Zweifel ob externe Person spezifischen Betriebskontext wirklich versteht; Skepsis gegenüber 'datenschutzkonform' im Gesundheitsbereich ohne konkrete Nachweise,"Startet bei null, muss verdient werden; fordere konkrete Nachweise (AVV, EU-Datenspeicherung, technische Maßnahmen) – kein blindes Vertrauen auf Basis von Behauptungen",500.0,1500.0,3500.0,5000.0,2000.0,100.0,250.0,500.0,800.0,350.0
P053,Bernhard,56,männlich,AT,Personal-Training-Studio,Small-Group-Training,"Inhaberin/Inhaber, rein unternehmerisch (kaum noch fachlich am Menschen)",False,10,603000,4,4,stark skeptisch,6,"Internes Wissensmanagement und Onboarding neuer Trainer; standardisierte Kundenkommunikation (Erinnerungen, Zahlungsmahnungen, Willkommensnachrichten)",Technik ist selten das Problem – Team-Akzeptanz ist entscheidend; Angst vor fehlendem Support nach Projektende; Zweifel ob Lösung wirklich nachhaltig selbstständig läuft,"Niedrig ohne schriftliche Zusagen – brauche Klarheit über Datenzugriff, Serverstandort (AT/EU), Datenverwendung nach Projektende; Abstimmung mit Datenschutzbeauftragter zwingend",800.0,1800.0,3500.0,5500.0,2200.0,80.0,180.0,350.0,550.0,220.0
P054,Christine,44,weiblich,DE,Präventions-/BGF-Anbieter,Stress-/Resilienz-Programme,"Inhaberin/Inhaber, rein unternehmerisch (kaum noch fachlich am Menschen)",False,6,312000,3,3,skeptisch,6,"Interne Kommunikation und Aufgabenorganisation sowie Terminorganisation mit Firmenkunden – aber nur wenn es nicht unpersönlich wirkt, da Vertrauen und Beziehung das Kernprodukt sind",Unklarheit über Hintergrund und Branchenkompetenz der externen Person sowie Misstrauen gegenüber 'kostenlos' als Einstieg – Frage nach echten Folgekosten und ob eine Standardlösung für den spezifischen BGF-Kontext passt,"Sehr niedrig ohne klare Belege: brauche konkrete DSGVO-Nachweise, Auftragsverarbeitungsvertrag, Transparenz über Datenspeicherung und Zugriffe – kein Zugang zu Klientendaten ohne aufgebautes Vertrauen und rechtliche Absicherung",800.0,1800.0,3200.0,4500.0,2400.0,80.0,180.0,320.0,500.0,220.0
P055,Sebastian,30,männlich,DE,Wellness-/Longevity-Praxis (Premium),Hormone & Performance,"Inhaberin/Inhaber, rein unternehmerisch (kaum noch fachlich am Menschen)",False,10,800000,2,3,früher Anwender / probiert gern Neues,6,Internes Wissensmanagement und Automatisierung der Klientenaufnahme ohne Qualitätsverlust im Premium-Bereich,Implementierungsaufwand liegt am Ende bei mir; Unklarheit über Betreuung nach Einrichtung; Datenschutz bei sensiblen Gesundheitsdaten als harter Blocker,"Sehr niedrig ohne konkrete, nachvollziehbare DSGVO-Antworten – Klientel erwartet höchste Diskretion, Vertrauensverlust wäre geschäftskritisch",1500.0,3500.0,6500.0,10000.0,4500.0,150.0,400.0,800.0,1200.0,500.0
P056,Florian,56,männlich,AT,Physiotherapie-/Therapiepraxis,Osteopathie,Mitarbeitende Leitung (führt UND arbeitet selbst fachlich mit),True,9,476000,1,1,neugierig-offen,6,Automatisierte Terminorganisation mit Selbstbuchung und Erinnerungen; digitale Aufnahme neuer Klienten statt Papierformulare,Externe versteht persönlichen Charakter der Praxis nicht; Angst vor Entpersönlichung der Klientenbeziehung; kein Wissen wer System nach Einrichtung wartet und pflegt,"Sehr vorsichtig – will konkret verstehen wo Daten liegen, wer Zugriff hat und was langfristig passiert; ein Unterschreiben reicht nicht, braucht echtes Verständnis",800.0,2000.0,4500.0,7000.0,2800.0,80.0,180.0,320.0,500.0,220.0
P057,Roger,46,männlich,CH,Ernährungs-/Gesundheitszentrum,ganzheitliches Gesundheitszentrum,"Inhaberin/Inhaber, rein unternehmerisch (kaum noch fachlich am Menschen)",False,4,342000,3,3,pragmatisch-abwägend,6,"Terminorganisation und strukturierte Aufnahme neuer Klientinnen und Klienten; zusätzlich internes Wissensmanagement, da Abläufe kaum dokumentiert sind","Eigener Zeitaufwand für Einführung bei laufendem Betrieb unklar; Erfahrung mit Beratern, die konzipieren aber nicht umsetzen und danach nicht erreichbar sind","Sehr kritisch – klare Bedingungen: Datenschutzvereinbarung, DSG-Konformität (Schweiz), genaue Klärung welche Daten zugänglich sind, rechtliche Prüfung vor Beginn; kein blindes Vertrauen",800.0,1800.0,3500.0,5500.0,2400.0,100.0,250.0,450.0,700.0,320.0
P058,Marco,41,männlich,CH,Personal-Training-Studio,EMS-Studio,"Inhaberin/Inhaber, rein unternehmerisch (kaum noch fachlich am Menschen)",False,8,645000,3,2,überfordert / zu wenig Zeit,6,Internes Wissensmanagement und strukturierte Neukundenaufnahme – dort ist der Leidensdruck am grössten,Nachhaltigkeit nach dem Projekt unklar – wer trägt das System danach? Ausserdem Unbehagen bei KI-Kommunikation mit Kunden ohne genaues Verständnis was passiert,"Grundsätzlich kritisch – Datenschutzkonformität muss konkret belegt werden: Serverstandort Schweiz, Zertifizierungen, Zugriffsrechte; rechtliche Prüfung durch Treuhänder vor Einführung",1500.0,3500.0,7500.0,12000.0,4500.0,150.0,350.0,700.0,1200.0,450.0
P059,Bettina,39,weiblich,AT,Präventions-/BGF-Anbieter,Stress-/Resilienz-Programme,Mitarbeitende Leitung (führt UND arbeitet selbst fachlich mit),True,9,674000,2,1,desinteressiert / sieht keinen Bedarf,4,"Terminorganisation und zentrale Verfügbarkeitsübersicht, einheitliche Aufnahme neuer Klienten, automatisierte Angebots- und Rechnungserstellung","Einführungsaufwand und Versandungsgefahr; unklar was nach der kostenlosen Analyse kostenpflichtig wird; Sorge, dass Team das als Misstrauen erlebt","Sehr niedrig ohne konkrete, schriftliche Nachweise: Datenspeicherort, Zugriffsrechte, DSGVO-Konformität nach österreichischem Recht – keine Kompromissbereitschaft",500.0,1500.0,3500.0,5500.0,2200.0,100.0,250.0,500.0,750.0,350.0
P060,Stefan,44,männlich,CH,Wellness-/Longevity-Praxis (Premium),Privatpraxis Premium-Prävention,Mitarbeitende Leitung (führt UND arbeitet selbst fachlich mit),True,5,405000,5,5,pragmatisch-abwägend,7,"Kommunikation und Terminorganisation als grösstes Leck, gefolgt von Klienten-Onboarding und nachrangig Wissensmanagement",Risiko oberflächlicher Analyse ohne echtes Praxisverständnis; konkrete Umsetzung von Datenschutz muss nachweisbar sein – nicht nur als Marketingbegriff,"Sehr zurückhaltend – Vertrauen muss sich durch konkrete Datenschutzantworten zeigen, nicht durch gute Präsentationen; sensible Gesundheitsinhalte klar abgrenzen",1500.0,3500.0,6500.0,9000.0,4500.0,150.0,350.0,650.0,900.0,450.0
P061,Lukas,38,männlich,AT,Physiotherapie-/Therapiepraxis,Sportphysio & Reha,Mitarbeitende Leitung (führt UND arbeitet selbst fachlich mit),True,6,333000,5,5,überfordert / zu wenig Zeit,6,Terminorganisation und Patientenkommunikation; Intake-Prozess für Neuaufnahmen; internes Wissensmanagement und Onboarding,Realer Implementierungsaufwand landet trotzdem bei mir; Unklarheit über tatsächliche Folgekosten und langfristige Abhängigkeit,"Sehr kritisch – EU-Datenhaltung, DSGVO-konforme Auftragsverarbeitung und klare Zugriffsregelungen sind absolute Voraussetzung, kein Verhandlungspunkt",800.0,2000.0,3500.0,5500.0,2500.0,100.0,250.0,450.0,700.0,300.0
P076,Karin,29,weiblich,AT,Physiotherapie-/Therapiepraxis,Osteopathie,"Inhaberin/Inhaber, rein unternehmerisch (kaum noch fachlich am Menschen)",False,6,435000,5,4,pragmatisch-abwägend,7,Terminorganisation und Patientenkommunikation – konkreter täglicher Schmerzpunkt; sekundär: internes Wissensmanagement beim Onboarding neuer Mitarbeiter,"Risiko, dass neue Lösung mehr Aufwand erzeugt als sie löst; außerdem: Unklarheit wie tief externe Person in sensible Abläufe und Daten einsehen muss","Klares Minimum: nachweisbarer Datenschutz, DSGVO-Konformität, Auftragsverarbeitungsvertrag – bei Zögern oder Schwammigkeit ist Gespräch sofort beendet",500.0,1500.0,3500.0,6000.0,2200.0,100.0,250.0,550.0,900.0,350.0
P077,Simone,56,weiblich,CH,Ernährungs-/Gesundheitszentrum,ganzheitliches Gesundheitszentrum,Mitarbeitende Leitung (führt UND arbeitet selbst fachlich mit),True,5,248000,1,2,neugierig-offen,6,"Terminorganisation und automatisierte Klientenkommunikation – größtes Zeitleck, klar bezifferbarer Nutzen; sekundär: internes Wissensmanagement","Einführungsaufwand liegt bei mir, bevor ich Nutzen sehe; und Abhängigkeit von externer Person – wer pflegt das System weiter, wenn sie weg ist?","Kritisch und nicht verhandelbar: Schweizer Datenhaltung, DSG/DSGVO-Konformität, schriftliche Absicherung, klare Zugriffsregelungen – ohne das kein Gespräch",800.0,1800.0,3500.0,6000.0,2500.0,80.0,180.0,320.0,500.0,220.0
P078,Sebastian,61,männlich,DE,Personal-Training-Studio,Functional-Training-Box,Mitarbeitende Leitung (führt UND arbeitet selbst fachlich mit),True,10,464000,3,2,überfordert / zu wenig Zeit,6,Dienstplanung und Neukunden-Aufnahme – größte tägliche Zeitfresser; Terminorganisation im Team konsequent digitalisieren,Nachhaltigkeit nach Abschluss der externen Begleitung unklar; versteckte Kosten nach kostenloser Erstanalyse befürchtet; fehlende Transparenz über Gesamtkosten,"Sehr kritisch – Kundendaten mit Gesundheitsbezug, DSGVO und Datenspeicherort müssen schriftlich und klar geregelt sein, keine Verhandlungsbasis; amerikanische Server inakzeptabel",500.0,1500.0,3000.0,4500.0,2000.0,100.0,225.0,400.0,600.0,280.0
P079,Marco,61,männlich,CH,Präventions-/BGF-Anbieter,betriebliche Gesundheitsförderung,"Inhaberin/Inhaber, rein unternehmerisch (kaum noch fachlich am Menschen)",False,4,331000,5,4,pragmatisch-abwägend,7,Automatisierung des Akquise- und Angebotsprozesses sowie strukturiertes internes Wissensmanagement mit Blick auf Nachfolge,Intransparenz über Folgekosten nach der Gratis-Analyse; Zweifel ob externe Person BGF-spezifische Komplexität schnell genug versteht,"Sehr kritisch – klare rote Linien bei Datenspeicherort (Schweiz/EU), keine US-Sprachmodelle mit Gesundheitsdaten, Zertifizierungen und Ausfallszenarien müssen vorab geklärt sein",1500.0,3500.0,6500.0,9000.0,4500.0,150.0,350.0,600.0,900.0,450.0
P080,Franziska,51,weiblich,DE,Wellness-/Longevity-Praxis (Premium),Spa & Privatklinik-nah,Mitarbeitende Leitung (führt UND arbeitet selbst fachlich mit),True,3,226000,1,1,desinteressiert / sieht keinen Bedarf,5,Terminorganisation und automatische Kommunikation mit Klientinnen; auch digitale Klientenaufnahme statt Papierbogen,Team-Akzeptanz fraglich da Kolleginnen kaum technikaffin sind; Sorge vor versteckten Kosten nach kostenloser Erstanalyse; Angst vor Komplexität die niemand wirklich nutzt,"Sehr sensibel – Klientinnen vertrauen auf absolute Diskretion; braucht klare verständliche Erklärung was gespeichert wird, wo, und durch wen; DSGVO-Konformität muss konkret und nachvollziehbar sein nicht nur als Schlagwort",500.0,1500.0,3000.0,5000.0,1800.0,80.0,200.0,380.0,600.0,250.0
P081,Lukas,37,männlich,CH,Physiotherapie-/Therapiepraxis,Osteopathie,"Inhaberin/Inhaber, rein unternehmerisch (kaum noch fachlich am Menschen)",False,5,323000,3,3,überfordert / zu wenig Zeit,6,"Terminorganisation und Patientenkommunikation – täglich spürbares Problem; zweitens Aufnahme neuer Klienten, da kein richtiger Prozess vorhanden",Zeitinvestition am Anfang unterschätzt; Unklarheit wer das System nach Einrichtung wartet und bei Änderungen anpasst – keine interne IT-Ressource vorhanden,"Grundsätzlich heikel – Verantwortung bleibt beim Inhaber; klare Anforderungen: Referenzen im Gesundheitsbereich, nachweisliche Kenntnis Schweizer Datenschutzrecht (DSG), Transparenz über Hosting und Datenspeicherung",500.0,1500.0,4000.0,6000.0,2500.0,100.0,250.0,500.0,800.0,350.0
P082,Michael,32,männlich,DE,Ernährungs-/Gesundheitszentrum,Ernährungsberatung,Mitarbeitende Leitung (führt UND arbeitet selbst fachlich mit),True,5,372000,4,4,pragmatisch-abwägend,6,"Automatisierung der Klientenaufnahme und Kommunikation (Anamnese, Unterlagen, Erinnerungen) sowie internes Wissensmanagement und Prozessdokumentation","Externe verstehen Betrieb nicht schnell genug in seiner Spezifik; Erwartung echter Lösungen statt halbgarer Konzepte; keine Zeit, ein externes Projekt selbst zu führen","Sehr kritisch – nur mit wasserdichtem Auftragsverarbeitungsvertrag, nachgewiesener DSGVO-Konformität und klaren Aussagen zu Datenhaltung und Zugriffsrechten; nicht verhandelbar",800.0,1500.0,3500.0,6000.0,2200.0,80.0,180.0,400.0,700.0,250.0
P083,Stefan,29,männlich,DE,Personal-Training-Studio,1:1 Personal Training,Mitarbeitende Leitung (führt UND arbeitet selbst fachlich mit),True,3,175000,4,4,skeptisch,6,"Neukunden-Onboarding automatisieren, das persönlich wirkt; an zweiter Stelle Terminorganisation die Kunden wirklich akzeptieren",Abhängigkeit von externem Dienstleister wenn System nicht selbst wartbar; KI in Kundenkommunikation gefährdet Persönlichkeit als USP; Folgekosten völlig unklar,"Nur mit klarem DSGVO-Vertrag, Auftragsverarbeitung und transparenter Datenhaltung – sonst sofortiges Abbruchkriterium",500.0,1500.0,3000.0,5000.0,2000.0,100.0,200.0,400.0,700.0,250.0
P084,Christine,34,weiblich,DE,Präventions-/BGF-Anbieter,Gesundheitscoaching für Firmen,Mitarbeitende Leitung (führt UND arbeitet selbst fachlich mit),True,10,523000,3,2,skeptisch,6,Terminorganisation und Kundenkommunikation mit Firmenkunden; Onboarding-Prozess für neue Klienten,Unklar was KI-gestützt konkret bedeutet; Sorge um fehlende Unterstützung nach der Einrichtung – wer hilft wenn etwas nicht funktioniert?,"Sehr vorsichtig – DSGVO-Konformität ist Minimum, nicht Ziel; brauche konkrete Nachweise, Referenzen aus Gesundheitsbereich und ggf. externe DSGVO-Prüfung",800.0,1900.0,3500.0,5000.0,2400.0,100.0,225.0,450.0,700.0,290.0
P085,Lukas,57,männlich,AT,Wellness-/Longevity-Praxis (Premium),Spa & Privatklinik-nah,"Inhaberin/Inhaber, rein unternehmerisch (kaum noch fachlich am Menschen)",False,9,791000,1,1,überfordert / zu wenig Zeit,6,"Terminorganisation als dringlichstes Problem, gefolgt von strukturierter Aufnahme neuer Klienten",Fehlende Umsetzungsbegleitung und Teamakzeptanz; außerdem Unbehagen gegenüber KI als undurchsichtige und unkontrollierbare Technologie,"Sehr kritisch – prominente, diskrete Klientel erfordert wasserdichte DSGVO-Antworten; Ausweichen oder Wackeln ist ein K.O.-Kriterium",800.0,1500.0,4500.0,8000.0,2500.0,100.0,250.0,600.0,1000.0,380.0
P099,Reto,61,männlich,CH,Präventions-/BGF-Anbieter,Stress-/Resilienz-Programme,Mitarbeitende Leitung (führt UND arbeitet selbst fachlich mit),True,4,397000,1,1,pragmatisch-abwägend,5,"Terminorganisation und Auftragsübersicht (wer ist wo im Prozess), danach Büro- und Verwaltungsvereinfachung",Externe versteht unsere spezifische Realität nicht schnell genug; Einführungsaufwand und spätere Abhängigkeit vom Anbieter bereiten Sorgen,"Kritisch – sensible Klientendaten (z.B. Burnout-Teilnahme) erfordern genaue Prüfung was extern sichtbar wird, Datenschutzversprechen reicht nicht, würde rechtlich prüfen lassen",800.0,1800.0,3500.0,5500.0,2200.0,100.0,250.0,480.0,700.0,320.0
P100,Patrick,51,männlich,CH,Wellness-/Longevity-Praxis (Premium),Spa & Privatklinik-nah,Mitarbeitende Leitung (führt UND arbeitet selbst fachlich mit),True,4,271000,5,5,früher Anwender / probiert gern Neues,6,Onboarding neuer Klientinnen und Klienten automatisieren und internes Wissensmanagement strukturieren,Externe verstehen selten die Tiefe und Spezifik unseres Betriebs; Einarbeitungsaufwand ist hoch; kostenlose Erstanalyse ist oft Einstieg in teure Folgeleistung,"Sehr kritisch – konkrete Nachweise zu Datenspeicherort, Tools und Datenschutzvereinbarung notwendig, kein Vertrauen auf Versprechen allein",800.0,2500.0,5500.0,9000.0,3200.0,150.0,400.0,800.0,1400.0,550.0
P101,Stefan,29,männlich,DE,Physiotherapie-/Therapiepraxis,Ergotherapie,Mitarbeitende Leitung (führt UND arbeitet selbst fachlich mit),True,3,266000,1,1,skeptisch,5,Terminorganisation – größter täglicher Schmerzpunkt; danach Aufnahme neuer Klient:innen; internes Wissensmanagement für Drei-Personen-Team als wenig relevant eingeschätzt,"Wer betreut das System nach der Einrichtung? Angst vor Abhängigkeit und Alleinsein mit Technik, die ich nicht beherrsche. Dazu ungeklärte Folgekosten für einen kleinen Betrieb mit überschaubarer Marge.","Sehr hohes Schutzbedürfnis – sensible Diagnose- und Behandlungsdaten, psychiatrische Informationen. Brauche klaren Serverstandort (kein USA), wasserdichten Vertrag UND persönliches Vertrauen zur externen Person. Vertragswerk allein reicht nicht.",500.0,1500.0,3000.0,5000.0,2000.0,50.0,150.0,300.0,500.0,200.0
P102,Patrick,59,männlich,CH,Ernährungs-/Gesundheitszentrum,Stoffwechsel & Darmgesundheit,Mitarbeitende Leitung (führt UND arbeitet selbst fachlich mit),True,2,163000,3,4,skeptisch,6,"Terminorganisation und Klientenkommunikation von Erstkontakt bis gebuchtem Termin, sowie Aufnahme-Prozess neuer Klienten",Zweifel ob externe Person den sensiblen Ton eines Gesundheitsbetriebs versteht; Angst vor Abhängigkeit von externer Infrastruktur nach Einrichtung,"Sehr kritisch – brauche glasklare Datenschutzgarantie nach Schweizer Recht, Serverstandort Schweiz, kein KI-Training mit Klientendaten; ohne das kein Deal",800.0,1800.0,3500.0,5500.0,2400.0,80.0,180.0,320.0,500.0,220.0
P103,Nadine,50,weiblich,CH,Personal-Training-Studio,Small-Group-Training,"Inhaberin/Inhaber, rein unternehmerisch (kaum noch fachlich am Menschen)",False,5,235000,1,1,früher Anwender / probiert gern Neues,6,"Automatisierung der Zahlungsverfolgung und Terminorganisation – konkrete Entlastung bei kleinen, nervigen, wiederkehrenden Aufgaben","Angst, dass nach der Einrichtung alles wieder an mir hängt; Team nicht mitziehen wird; versteckte Kosten nach der kostenlosen Erstanalyse","Grosses Thema – Kunden teilen sehr persönliche Informationen, brauche volle Transparenz zu Datenzugriff, Datenlagerung und rechtlicher Absicherung nach CH-DSG; keine Kompromisse hier",500.0,1500.0,3500.0,5500.0,2200.0,80.0,200.0,400.0,650.0,280.0
P104,Melanie,61,weiblich,DE,Präventions-/BGF-Anbieter,Rückenschule & Prävention,Mitarbeitende Leitung (führt UND arbeitet selbst fachlich mit),True,6,504000,5,5,skeptisch,6,"Automatisierte Kundenkommunikation – Erinnerungen, Onboarding neuer Klienten, Teilnahmenachweise – weil das aktuell manuell und zeitfressend ist","Datenschutz konkret ungeklärt (Serverstandort, Zugriffe, US-Cloud-Risiko) und fehlende Nachhaltigkeit nach Einrichtung – wer betreut das System danach?","Gering bis mittel zu Beginn – AVV, Haftungsfrage und Branchenreferenzen sind Voraussetzung, kein Automatismus",500.0,1800.0,3500.0,5500.0,2400.0,100.0,280.0,490.0,700.0,350.0
P105,Tanja,29,weiblich,CH,Wellness-/Longevity-Praxis (Premium),Medical Wellness,Mitarbeitende Leitung (führt UND arbeitet selbst fachlich mit),True,10,797000,1,2,desinteressiert / sieht keinen Bedarf,4,"Terminorganisation und Aufnahme neuer Klient:innen – beides aktuell manuell und fehleranfällig, dort wäre konkreter Nutzen sofort spürbar","Unklare Folgekosten, Zweifel ob externe Person Branche versteht, Angst vor Unpersönlichkeit durch Automatisierung, Einführungsaufwand ohne freie Kapazität","Sehr heikel – nur mit schriftlichen Garantien, Schweizer Datenschutzrecht, klaren Verträgen und transparenter Kommunikation gegenüber Klient:innen; bleibt trotzdem ein echtes Hindernis",500.0,2500.0,5000.0,8000.0,3200.0,100.0,250.0,500.0,800.0,350.0
P106,Ramona,37,weiblich,CH,Physiotherapie-/Therapiepraxis,Osteopathie,Mitarbeitende Leitung (führt UND arbeitet selbst fachlich mit),True,9,387000,4,3,neugierig-offen,7,"Digitale Aufnahme neuer Klient:innen, internes Wissensmanagement und automatische Terminerinnerungen",Datenschutz bei Gesundheitsdaten (DSG Schweiz) und fehlende Nachbetreuung nach Einrichtung – keine interne IT-Ressource vorhanden,"Grundsätzlich möglich, aber nur mit nachgewiesener Erfahrung im Gesundheitsbereich, Kenntnis Schweizer Datenschutz, klarem Auftragsbearbeitervertrag und Datenhaltung in CH/EU",800.0,1750.0,3500.0,5500.0,2400.0,100.0,200.0,400.0,650.0,280.0
P107,Sebastian,47,männlich,DE,Ernährungs-/Gesundheitszentrum,Diätologie,"Inhaberin/Inhaber, rein unternehmerisch (kaum noch fachlich am Menschen)",False,9,723000,2,2,neugierig-offen,6,Aufnahme neuer Klienten und Terminorganisation; sowie internes Wissensmanagement für Abläufe und Zuständigkeiten,"Nachhaltigkeit nach Einrichtung unklar – wer betreut das danach? Außerdem Unbehagen bei KI und Patientendaten: Datenschutz, Serverstandort, Zugriffe ungeklärt","Möglich aber nicht selbstverständlich – DSGVO-Nachweis, EU-Serverstandort und Auftragsverarbeitungsvertrag sind Voraussetzung, kein Verhandlungspunkt",800.0,2500.0,5500.0,8000.0,3500.0,150.0,350.0,650.0,900.0,450.0
P108,Nicole,36,weiblich,DE,Personal-Training-Studio,Functional-Training-Box,"Inhaberin/Inhaber, rein unternehmerisch (kaum noch fachlich am Menschen)",False,8,435000,4,5,pragmatisch-abwägend,6,Neukunden-Onboarding-Automatisierung und internes Wissensmanagement – beides direkte Alltagsprobleme mit echtem Kostenpotenzial,"Was passiert nach der Implementierung? Wer pflegt und updated das System? Externe richtet ein, ist dann weg – und ich steh allein mit Support und Anpassungen; außerdem Zweifel ob jemand die Realität eines kleinen 8-Personen-Studios wirklich versteht","Kritisch und genau – DSGVO als Minimum, will konkrete Vertragsgrundlagen und Serverstandorte sehen, kein Vertrauen auf Buzzwords; Vertrauen wächst langsam durch Transparenz und konkrete Antworten",500.0,1500.0,3500.0,5500.0,2200.0,80.0,250.0,500.0,800.0,350.0
P123,Ramona,35,weiblich,CH,Personal-Training-Studio,1:1 Personal Training,"Inhaberin/Inhaber, rein unternehmerisch (kaum noch fachlich am Menschen)",False,4,238000,5,4,überfordert / zu wenig Zeit,7,Onboarding-Automatisierung (von Interessensmeldung bis zum ersten bezahlten Termin) und automatisierte Terminorganisation inkl. Kommunikation bei Absagen,"Zeitaufwand für die Einrichtung, den ich selbst nicht habe – und Angst vor Abhängigkeit von einer externen Person, wenn das System läuft","Grundsätzlich möglich, aber nur mit nachweisbarer Datenschutzkonformität nach Schweizer Recht, klarem Serverstandort, transparenten Zugriffsrechten und Auftragsverarbeitungsvertrag – bei unklarer Antwort sofortiger Abbruch",500.0,1800.0,3500.0,5500.0,2400.0,80.0,250.0,490.0,750.0,320.0
P124,Birgit,54,weiblich,AT,Präventions-/BGF-Anbieter,Stress-/Resilienz-Programme,"Inhaberin/Inhaber, rein unternehmerisch (kaum noch fachlich am Menschen)",False,4,246000,3,2,neugierig-offen,7,Automatisierung von Angebotsnachverfolgung und Kundenkommunikation; strukturiertes Onboarding neuer Klienten,Aufwand in der Einführungsphase für kleines Team; Angst vor unpersönlicher KI-Kommunikation die Qualitätsimage schadet; 'datenschutzkonform' reicht als Aussage nicht – konkrete DSGVO-Nachweise nötig,"Grundsätzlich kritisch – Datenschutz ist Vertrauensfrage, nicht Formalität; braucht konkrete Antworten zu Datenlagerung, Zugriff, AVV und österreichischer DSGVO-Konformität",800.0,1500.0,2800.0,4500.0,2200.0,100.0,250.0,450.0,700.0,350.0
P125,Gerald,33,männlich,AT,Wellness-/Longevity-Praxis (Premium),Hormone & Performance,Mitarbeitende Leitung (führt UND arbeitet selbst fachlich mit),True,5,356000,2,2,neugierig-offen,6,Terminorganisation und einheitliche Klientenkommunikation – das ist das tägliche Chaos. Zweitnützlichstes: strukturierter Aufnahmeprozess für neue Klienten.,"Datenschutz bei sehr sensiblen Gesundheitsdaten (Hormonstatus, Blutbilder, diskrete Klientel). Unklar, was KI-gestützt konkret bedeutet, wo Daten laufen. Zweiter Einwand: Angst vor chaotischer Einführungsphase.","Gering am Anfang – brauche klare Nachweise zu DSGVO, Zertifizierungen, Haftung und Referenzen aus dem Gesundheitsbereich in Österreich, bevor ich Vertrauen aufbaue.",500.0,1500.0,3500.0,6000.0,2200.0,100.0,250.0,550.0,900.0,350.0
P126,Claudia,33,weiblich,CH,Physiotherapie-/Therapiepraxis,Osteopathie,"Inhaberin/Inhaber, rein unternehmerisch (kaum noch fachlich am Menschen)",False,10,677000,2,3,früher Anwender / probiert gern Neues,6,"Internes Wissensmanagement (Wissen aus meinem Kopf raus ins System) und Terminorganisation mit Patientenkommunikation (Ausfälle reduzieren, ohne unpersönlich zu werden)",Team-Akzeptanz unsicher; Abhängigkeit von externer Person nach Einrichtung; 'KI-gestützt' bleibt für mich zu abstrakt – will konkret wissen was die KI macht und was nicht,"Sehr heikel – brauche konkrete, schriftliche Aussagen zu Datenspeicherung (Schweiz/EU?), Zugriffsrechten und Rechtsgrundlage; das Wort 'datenschutzkonform' allein reicht mir nicht",800.0,2000.0,4500.0,7000.0,2800.0,150.0,300.0,600.0,1000.0,390.0
P127,Marco,46,männlich,CH,Ernährungs-/Gesundheitszentrum,ganzheitliches Gesundheitszentrum,Mitarbeitende Leitung (führt UND arbeitet selbst fachlich mit),True,8,377000,4,5,früher Anwender / probiert gern Neues,7,Internes Wissensmanagement und strukturiertes Onboarding; danach Terminorganisation – bei Klientenkommunikation eher vorsichtig wegen persönlicher Note des Betriebs,"Sensible Gesundheitsdaten erfordern wasserdichte Datenschutzlösung (nDSG, Serverstandort, Verträge); Angst vor neuer Abhängigkeit von externer Person ohne eigene Handlungsfähigkeit","Nicht pauschal – muss durch Referenzen, klares Datenschutzkonzept, Auftragsverarbeitungsvertrag und transparente Kommunikation erarbeitet werden",800.0,1500.0,3500.0,6000.0,2500.0,150.0,280.0,550.0,900.0,380.0
P128,Fabienne,49,weiblich,CH,Personal-Training-Studio,Frauen-Fitness-Studio,Mitarbeitende Leitung (führt UND arbeitet selbst fachlich mit),True,10,431000,1,1,skeptisch,4,Terminorganisation (selbstständiges Umbuchen durch Klientinnen) und strukturierte Aufnahme neuer Klientinnen – beides kostet heute konkret nachweisbare Zeit,"Versteckte Folgekosten nach kostenloser Analyse; und Sorge, dass Team das System nicht benutzen wird – schlechte Erfahrung mit App-Einführung bereits gemacht","Sehr kritisch – Klientinnen teilen intime Gesundheitsdaten, Vertrauen ist zentral; braucht konkrete, transparente Antworten zu Datenlagerung und Zugriff (CH-DSG), keine Buzzwords",800.0,2500.0,4500.0,6500.0,3000.0,80.0,250.0,450.0,700.0,320.0
P129,Katrin,38,weiblich,DE,Präventions-/BGF-Anbieter,Rückenschule & Prävention,Mitarbeitende Leitung (führt UND arbeitet selbst fachlich mit),True,5,504000,4,4,skeptisch,6,Internes Wissensmanagement und Ablagestrukturen fürs Onboarding; Automatisierung wiederkehrender Firmenkunden-Kommunikation und Angebotsprozesse,Aufwand vor dem Nutzen: keine Kapazität für halbfertiges Projekt; Skepsis gegenüber KI-Stabilität im Alltag und fehlender interner IT-Kontrolle; Haftungsfragen bei Automatisierungsfehlern,"Niedrig bis mittel – brauche AVV, klare Aussagen zu Datenspeicherort, keine unbekannten US-Cloud-Systeme; Vertrauen entsteht langsam durch Transparenz und konkrete Antworten, nicht durch Beruhigungsformeln",500.0,1500.0,3500.0,6000.0,2200.0,100.0,250.0,500.0,800.0,350.0
P130,Manuela,57,weiblich,AT,Wellness-/Longevity-Praxis (Premium),Spa & Privatklinik-nah,"Inhaberin/Inhaber, rein unternehmerisch (kaum noch fachlich am Menschen)",False,9,797000,2,2,früher Anwender / probiert gern Neues,6,"Aufnahme neuer Klienten und Terminorganisation – weil konkret, zeitaufwändig und aktuell zu stark an der Inhaberin hängend","Unklarheit über Umsetzungsverantwortung nach der Analyse, Verhältnismäßigkeit von KI für kleine Betriebsgröße, Misstrauen gegenüber kostenlosem Einstieg als Verkaufsstrategie","Sehr niedrige Grundbereitschaft – würde juristische Prüfung durch eigenen Anwalt verlangen, kein Vertrauen allein auf Basis von Aussagen, Datenschutz ist nicht verhandelbar",1500.0,3000.0,5500.0,8000.0,3500.0,150.0,300.0,550.0,900.0,380.0
P131,Florian,45,männlich,AT,Physiotherapie-/Therapiepraxis,manuelle Therapie & Faszien,"Inhaberin/Inhaber, rein unternehmerisch (kaum noch fachlich am Menschen)",False,8,619000,1,1,desinteressiert / sieht keinen Bedarf,4,"Dienstplan-Automatisierung, Online-Terminbuchung für Patienten, internes Wissensmanagement zu Abrechnungsfragen",Wer pflegt das System langfristig? Schlechte Erfahrung mit Softwareeinführung die nach Monaten wieder eingeschlafen ist. Zusätzlich: Zeitaufwand der Umstellung belastet Team.,"Großes Bauchgrummeln – braucht konkrete Antworten zu Datenspeicherort, Zugriffsrechten und DSGVO-Konformität, nicht nur Lippenbekenntnisse",500.0,1500.0,3500.0,6000.0,2500.0,100.0,250.0,500.0,900.0,350.0
P132,Reto,33,männlich,CH,Ernährungs-/Gesundheitszentrum,Stoffwechsel & Darmgesundheit,Mitarbeitende Leitung (führt UND arbeitet selbst fachlich mit),True,3,230000,5,5,neugierig-offen,7,"Internes Wissensmanagement (höchste Priorität) und Automatisierung der Klientenaufnahme (Fragebogen, Terminvereinbarung, Vorabinfos)","Fehlende Nachhaltigkeit nach Projektabschluss und Angst vor zu generischer Lösung, die den spezifischen Gesundheitsbetrieb nicht wirklich abbildet","Sehr hohes Schutzbedürfnis – Datenschutzkonformität ist Minimum, konkrete Fragen zu Serverstandort (CH), KI-Trainingsdaten, Zugriffsrechten und Reversibilität sind K.O.-Kriterien",800.0,2000.0,3500.0,5000.0,2500.0,100.0,300.0,500.0,800.0,350.0
P133,Roman,40,männlich,AT,Personal-Training-Studio,1:1 Personal Training,Mitarbeitende Leitung (führt UND arbeitet selbst fachlich mit),True,3,162000,4,5,neugierig-offen,6,Klientenaufnahme-Prozess automatisieren und wiederkehrende Verwaltungsarbeit wie Rechnungen und Zahlungsverfolgung,Zeitinvestition meinerseits für Einblick und Erklärungen; Angst vor neuer Abhängigkeit von externer Person ohne eigene Wartungsfähigkeit,"Sehr sensibler Punkt – brauche konkrete Antworten zu Datenspeicherung, Zugriff und DSGVO-Umsetzung; 'datenschutzkonform' als Buzzword reicht nicht",500.0,1500.0,3000.0,5000.0,2200.0,100.0,250.0,450.0,700.0,320.0
P147,Christian,34,männlich,DE,Ernährungs-/Gesundheitszentrum,Stoffwechsel & Darmgesundheit,"Inhaberin/Inhaber, rein unternehmerisch (kaum noch fachlich am Menschen)",False,6,283000,3,4,pragmatisch-abwägend,6,Terminorganisation und Aufnahme neuer Klienten – dort größte manuelle Lücken und konkreter Leidensdruck; Wissensmanagement interessant aber unsicherer,"Datenschutz bei sensiblen Gesundheitsdaten muss wirklich wasserdicht sein, nicht nur auf dem Papier; außerdem Angst vor Implementierungsaufwand und fehlender Teammitnahme","Kein Vertrauen a priori – muss durch konkrete Nachweise erarbeitet werden; AVV, Serverstandort, Zugriffsrechte werden geprüft; externer Datenschutzbeauftragter wird einbezogen",800.0,1800.0,3500.0,5000.0,2200.0,80.0,180.0,350.0,500.0,220.0
P148,Daniela,57,weiblich,CH,Personal-Training-Studio,Functional-Training-Box,Mitarbeitende Leitung (führt UND arbeitet selbst fachlich mit),True,2,194000,2,2,überfordert / zu wenig Zeit,5,"Terminorganisation und automatische Rechnungsstellung, sowie digitale Aufnahme neuer Klienten – grösste manuelle Zeitfresser im Alltag",Angst vor System das ich nicht selbst bedienen kann wenn etwas schiefläuft; Misstrauen gegenüber 'kostenlos' als Einstieg – Frage nach versteckten Folgekosten,"Sehr skeptisch – Datenschutz ist nicht verhandelbar, würde rechtliche Absicherung und genaue Transparenz verlangen bevor irgendwas unterschrieben wird",500.0,1200.0,2500.0,4000.0,1800.0,80.0,180.0,320.0,500.0,220.0
P149,Elisabeth,36,weiblich,AT,Präventions-/BGF-Anbieter,Rückenschule & Prävention,Mitarbeitende Leitung (führt UND arbeitet selbst fachlich mit),True,9,551000,4,4,skeptisch,6,"Internes Wissensmanagement – Wissen aus Köpfen in nutzbare, delegierbare Strukturen überführen; zweite Priorität: automatisierte oder halbautomatische Angebotserstellung für Firmenkunden","Nachhaltigkeit nach der Einrichtung – wer pflegt das System, wenn die externe Person weg ist? Und: Passt die Lösung wirklich zu unserem spezifischen Betrieb oder ist es eine Universallösung?","Sehr kritisch – 'datenschutzkonform' muss konkret belegt werden: Datenspeicherort, eingesetzte KI-Tools, Auftragsverarbeitungsvertrag, Schutz vor Nutzung in Trainingsmodellen; klare Grenze wenn Antworten nicht ausreichen",800.0,1500.0,3500.0,6000.0,2200.0,100.0,250.0,500.0,800.0,350.0
P150,Elisabeth,44,weiblich,AT,Wellness-/Longevity-Praxis (Premium),Privatpraxis Premium-Prävention,Mitarbeitende Leitung (führt UND arbeitet selbst fachlich mit),True,3,347000,5,4,überfordert / zu wenig Zeit,7,Onboarding neuer Klientinnen und Kommunikation mit Bestandsklientinnen; zweiter Platz: internes Wissensmanagement zur Reduktion meiner persönlichen Abhängigkeit im Betrieb,"Einführungsphase kostet meine Zeit und Aufmerksamkeit – ich brauche jemanden der abnimmt, nicht jemanden der Hausaufgaben gibt","Sehr hohes Schutzbedürfnis – EU-Serverpflicht, klare Zugriffsregelung, rechtliche Prüfung vor Vertragsabschluss; Datenschutz ist hier Reputationsschutz",800.0,1800.0,3500.0,5500.0,2400.0,150.0,280.0,550.0,900.0,380.0
P151,Stefan,29,männlich,CH,Physiotherapie-/Therapiepraxis,Logopädie im Verbund,"Inhaberin/Inhaber, rein unternehmerisch (kaum noch fachlich am Menschen)",False,9,603000,5,5,neugierig-offen,7,Internes Wissensmanagement und digitales Klienten-Onboarding – beides ist bei uns aktuell ineffizient und zu personenabhängig,Nachhaltigkeit nach der Einrichtung unklar; Sorge vor Universallösungen die nicht auf Schweizer Gesundheitsbranche und Logopädie zugeschnitten sind,"Hohes Anspruchsniveau – verlange konkrete Antworten zu Datenhaltung (Schweiz/EU), ADV-Vertrag, eingesetzten KI-Diensten; vage Beruhigungen reichen nicht",1500.0,3500.0,6500.0,10000.0,4500.0,150.0,300.0,550.0,900.0,380.0
P152,Elisabeth,51,weiblich,AT,Ernährungs-/Gesundheitszentrum,Ernährungsberatung,Mitarbeitende Leitung (führt UND arbeitet selbst fachlich mit),True,10,479000,2,2,skeptisch,5,"Terminorganisation und strukturierter Aufnahmeprozess neuer Klientinnen, sowie fehlendes internes Wissensmanagement",Datenschutz bei sensiblen Gesundheitsdaten ist kritisch; Zweifel an Nachhaltigkeit externer Lösungen und fehlender Betreuung nach Einrichtung,"Gering – klare Nachweise zu Datenspeicherung, Zugriff, DSGVO-Konformität und Auftragsverarbeitungsvertrag sind Voraussetzung",500.0,1500.0,3500.0,5500.0,2200.0,80.0,180.0,380.0,600.0,250.0
P153,Corinne,51,weiblich,CH,Personal-Training-Studio,Functional-Training-Box,"Inhaberin/Inhaber, rein unternehmerisch (kaum noch fachlich am Menschen)",False,3,268000,1,1,pragmatisch-abwägend,6,"Terminorganisation und Kundenkommunikation, sowie automatisiertes Onboarding neuer Kunden – das sind die täglichen Schmerzpunkte",Unklare Folgekosten und unbekannter Einführungsaufwand – kein Budget und keine Kapazität für komplizierte Implementierung,"Sehr skeptisch – braucht schriftliche Klarheit über Datenspeicherung, Zugriff und Rechtskonformität (CH-DSG); würde externe Vertrauensperson beiziehen",500.0,1500.0,2800.0,4500.0,1800.0,80.0,180.0,320.0,500.0,220.0
P154,Beat,55,männlich,CH,Präventions-/BGF-Anbieter,betriebliche Gesundheitsförderung,"Inhaberin/Inhaber, rein unternehmerisch (kaum noch fachlich am Menschen)",False,2,150000,1,1,pragmatisch-abwägend,6,Terminorganisation mit Selbstbuchung durch Kunden und strukturierter Prozess für Neukundenaufnahme; Angebotsverwaltung,Aufwand beim Einrichten zu gross für zwei-Personen-Betrieb; Unklarheit über Folgekosten nach kostenloser Erstanalyse,"Sehr kritisch – braucht schriftliche Klärung zu Datenspeicherort (Schweiz/EU), Zugriffsrechten und Datenschutz; Vertrauen baut sich nicht im Erstgespräch auf",500.0,1500.0,3500.0,6000.0,2000.0,100.0,250.0,500.0,900.0,350.0
P155,Eva,53,weiblich,AT,Wellness-/Longevity-Praxis (Premium),Longevity & Healthspan,Mitarbeitende Leitung (führt UND arbeitet selbst fachlich mit),True,7,569000,3,2,skeptisch,6,Internes Wissensmanagement und strukturierte Klientenaufnahme – beides akute Schwachstellen im Betrieb,Datenschutz bei sensiblen Gesundheitsdaten; Unklarheit über Wartung und Zuständigkeit nach der Einrichtung; Angst vor nicht nachhaltig genutzten Lösungen,"Grundsätzlich niedrig – Vertrauen muss verdient werden; klare Anforderungen an DSGVO-Konformität, EU-Server, Auftragsverarbeitungsvertrag und Zugriffstransparenz",800.0,1500.0,3500.0,5500.0,2200.0,100.0,250.0,550.0,900.0,380.0
P156,Karin,55,weiblich,AT,Physiotherapie-/Therapiepraxis,manuelle Therapie & Faszien,"Inhaberin/Inhaber, rein unternehmerisch (kaum noch fachlich am Menschen)",False,3,233000,4,4,neugierig-offen,7,Internes Wissensmanagement / Prozessdokumentation und Vereinheitlichung der Neukundenaufnahme,Angst vor halbfertigen Konzepten die im Alltag einschlafen; Unklarheit was KI-gestützt konkret für eine 3-Personen-Praxis bedeutet und kostet,"Sehr kritisch – brauche glasklare Antworten zu Datenlage, Anonymisierung, DSGVO-konformem Auftragsverarbeitungsvertrag; ohne schriftliche juristische Absicherung kein Vertrauen",800.0,1500.0,3500.0,5000.0,2200.0,80.0,150.0,300.0,500.0,200.0
P171,Nicole,48,weiblich,DE,Physiotherapie-/Therapiepraxis,Sportphysio & Reha,"Inhaberin/Inhaber, rein unternehmerisch (kaum noch fachlich am Menschen)",False,6,477000,4,3,neugierig-offen,7,Terminorganisation und Absage-Management als dringlichstes Alltagsproblem; danach internes Wissensmanagement für strukturiertes Onboarding,KI in der Patientenkommunikation birgt Vertrauensrisiko im Gesundheitsbereich; fehlende Begleitung nach Einrichtung macht Systeme erfahrungsgemäß kurzlebig,"Vertrauen nicht automatisch vorhanden – konkrete Anforderungen: Datenhaltung in DE/EU, Auftragsverarbeitungsvertrag, Zertifizierung, Vorlage bei externer Datenschutzbeauftragter",800.0,1500.0,3500.0,6000.0,2200.0,100.0,200.0,450.0,700.0,290.0
P172,Florian,31,männlich,AT,Ernährungs-/Gesundheitszentrum,Stoffwechsel & Darmgesundheit,"Inhaberin/Inhaber, rein unternehmerisch (kaum noch fachlich am Menschen)",False,4,329000,5,5,pragmatisch-abwägend,7,Kunden-Onboarding standardisieren und internes Wissensmanagement – beides größte Zeitfresser mit höchstem Entlastungspotenzial,"Nachhaltigkeit nach Einrichtung unklar; außerdem Sorge, dass Automatisierung den persönlichen, vertrauensvollen Ton in der Klientenkommunikation zerstört","Sehr kritisch – brauche genaue Infos zu Serverstandort, Drittanbietern, Datenschutzkonzept schriftlich; 'DSGVO-konform' als Floskel reicht nicht",800.0,1800.0,3500.0,5500.0,2400.0,150.0,350.0,650.0,950.0,450.0
P173,Matthias,59,männlich,CH,Personal-Training-Studio,EMS-Studio,"Inhaberin/Inhaber, rein unternehmerisch (kaum noch fachlich am Menschen)",False,9,401000,2,2,überfordert / zu wenig Zeit,5,"Automatisierung von Abo-Verwaltung, Rechnungsstellung und Dienstplanung; digitale Kundenaufnahme statt Papierformular","Zeitaufwand für Einführung und Schulung; Angst, dass es mehr kostet als bringt; eigene technische Überforderung","Grundsätzlich möglich, aber nur mit klaren Antworten zu Datenspeicherung (Schweiz/EU), Zugriffskontrolle und Datenschutz – kein Kleingedrucktes, keine amerikanischen Server",500.0,2000.0,4500.0,7000.0,3000.0,100.0,250.0,500.0,900.0,350.0
P174,Alex,54,divers,CH,Präventions-/BGF-Anbieter,Gesundheitscoaching für Firmen,Mitarbeitende Leitung (führt UND arbeitet selbst fachlich mit),True,10,730000,3,4,stark skeptisch,4,Aufnahme neuer Klient:innen und Verwaltungsaufwand rund um Angebotsprozess und Terminlogistik; auch internes Wissensmanagement interessant,"Datenschutz ernst gemeint – konkrete Fragen zu Datenlage, Systemzugriff, KI-Verarbeitung von Gesundheitsdaten; zweiter Einwand: Gefahr von Tools die nicht wirklich passen und wieder versanden","Grundsätzlich gering – Vertrauen muss durch Transparenz, Referenzen und klare vertragliche Regelungen nach CH-DSG erst aufgebaut werden",1500.0,3500.0,6500.0,9000.0,4200.0,150.0,350.0,650.0,950.0,450.0
P175,Thomas,41,männlich,DE,Wellness-/Longevity-Praxis (Premium),Longevity & Healthspan,"Inhaberin/Inhaber, rein unternehmerisch (kaum noch fachlich am Menschen)",False,9,603000,2,1,stark skeptisch,5,"Terminorganisation (täglicher Zeitfresser, peinlich gegenüber zahlenden Premium-Kunden) und Onboarding neuer Klienten (aktuell unstrukturiert und personenabhängig)","Nachhaltige Nutzung durch technikfernes Team unklar; außerdem persönliche Hemmschwelle, den eigenen Betrieb vollständig von außen durchleuchten zu lassen","Sehr kritisch – will konkrete Antworten zu Datenspeicherung, KI-Verarbeitung, DSGVO-Konformität und keine US-Cloud. Kein automatisches Vertrauen durch Schlagworte.",800.0,1500.0,4500.0,7500.0,2800.0,100.0,250.0,550.0,900.0,350.0
P176,Daniela,30,weiblich,CH,Physiotherapie-/Therapiepraxis,klassische Physiotherapie,Mitarbeitende Leitung (führt UND arbeitet selbst fachlich mit),True,6,419000,5,5,früher Anwender / probiert gern Neues,7,Terminorganisation kombiniert mit Klientenkommunikation und Automatisierung von Ausfallmanagement; danach Onboarding neuer Klienten standardisieren,"Datenschutz-Spezifik Schweiz (nDSG, Berufsgeheimnis, Kassenzulassung) wird unterschätzt; versteckter Zeitaufwand bei Implementierung für das Team wird systematisch kleingehalten","Grundsätzlich skeptisch bis Gegenteil bewiesen; fordert explizit: Serverstandort CH/EU, Auftragsverarbeitungsvertrag, Zugriffsregelung, Datenlöschung nach Vertragsende",800.0,2000.0,4500.0,7000.0,2800.0,100.0,250.0,550.0,900.0,350.0
P177,Julia,30,weiblich,DE,Ernährungs-/Gesundheitszentrum,Diätologie,"Inhaberin/Inhaber, rein unternehmerisch (kaum noch fachlich am Menschen)",False,8,552000,3,4,skeptisch,5,Aufnahme neuer Klientinnen automatisieren und internes Wissensmanagement strukturieren,"Datenschutz im Gesundheitsbereich ist kritisch – Begriff 'datenschutzkonform' reicht nicht, konkrete Nachweise fehlen; außerdem Zweifel ob externe Person Nischenbereich Diätologie wirklich versteht",Grundsätzlich niedrig – Vertrauen der Klientinnen wird nicht leichtfertig weitergegeben; Erstanalyse nur akzeptabel wenn kein direkter Datenzugriff und Datenschutzkonzept vorab vorliegt,500.0,1500.0,3500.0,6000.0,2200.0,100.0,250.0,500.0,900.0,350.0
P178,Birgit,61,weiblich,AT,Personal-Training-Studio,Functional-Training-Box,"Inhaberin/Inhaber, rein unternehmerisch (kaum noch fachlich am Menschen)",False,9,466000,5,5,neugierig-offen,7,"Internes Wissensmanagement und Onboarding-Prozesse strukturieren; danach Automatisierung von Standard-Kundenkommunikation, damit diese nicht mehr bei Birgit persönlich landet",Externe Person versteht die spezifische Studio-Kultur und persönliche Kundenbeziehung nicht schnell genug; Gefahr von unpersönlich wirkender Automatisierung; Abhängigkeit vom Dienstleister wenn Lösung zu komplex wird,"Grundsätzlich möglich, aber nur mit schriftlichem Nachweis über Datenverarbeitung, klarer DSGVO-Konformität und EU-Server-Standort – kein blindes Vertrauen",800.0,1500.0,3500.0,6000.0,2500.0,100.0,250.0,500.0,900.0,350.0
P179,Verena,50,weiblich,AT,Präventions-/BGF-Anbieter,Rückenschule & Prävention,"Inhaberin/Inhaber, rein unternehmerisch (kaum noch fachlich am Menschen)",False,3,151000,3,3,pragmatisch-abwägend,6,"Terminorganisation mit Firmenkunden und automatisierte Angebots- und Abrechnungsprozesse; auch automatische Kundenkommunikation (Bestätigungen, Erinnerungen)",Wer wartet das System danach – fehlende interne IT-Kapazität; versteckte Folgekosten hinter kostenloser Erstanalyse,"Sehr kritisch – klare Anforderung an DSGVO-Konformität, Auftragsverarbeitungsvertrag, EU-Datenspeicherung; keine Toleranz für Unklarheiten bei Gesundheitsdaten",500.0,1500.0,3500.0,6000.0,2200.0,80.0,180.0,400.0,700.0,250.0
P180,Theresa,59,weiblich,AT,Wellness-/Longevity-Praxis (Premium),Privatpraxis Premium-Prävention,Mitarbeitende Leitung (führt UND arbeitet selbst fachlich mit),True,8,689000,2,2,früher Anwender / probiert gern Neues,6,Internes Wissensmanagement und standardisierte Klientenaufnahme bzw. -kommunikation – das hängt heute zu sehr an einzelnen Personen,"Datenschutz bei sensiblen Gesundheitsdaten ist kein abstraktes Thema für uns – 'datenschutzkonform' als Versprechen reicht mir nicht; dazu die Sorge, das Team mit einer weiteren Einführung zu belasten","Sehr zurückhaltend – brauche genaue Antworten zu Datenspeicherung, Zugriffsrechten und vertraglicher Absicherung; Vertrauen entsteht nicht durch Versprechen, sondern durch Transparenz und Referenzen",1500.0,3500.0,6500.0,9000.0,4500.0,150.0,350.0,650.0,950.0,450.0
P181,Christine,38,weiblich,DE,Physiotherapie-/Therapiepraxis,manuelle Therapie & Faszien,Mitarbeitende Leitung (führt UND arbeitet selbst fachlich mit),True,8,383000,1,1,pragmatisch-abwägend,6,Automatisierte Terminorganisation mit Warteliste und Absagen; digitale Klientenaufnahme statt Papierformulare,"Datenschutz bei Gesundheitsdaten – brauche konkrete technische Antworten, keine Floskeln; Angst vor Mehraufwand beim Übergang und Einschulung des Teams","Gering bis mittel – nur ausbaubar wenn Datenschutzfragen transparent, konkret und kompetent beantwortet werden; Auftragsverarbeitungsvertrag, Serverstandort etc. sind Grundvoraussetzungen",500.0,1200.0,2500.0,4000.0,1500.0,80.0,150.0,280.0,450.0,180.0
P195,Barbara,51,weiblich,CH,Wellness-/Longevity-Praxis (Premium),Privatpraxis Premium-Prävention,"Inhaberin/Inhaber, rein unternehmerisch (kaum noch fachlich am Menschen)",False,7,464000,5,5,früher Anwender / probiert gern Neues,7,Onboarding neuer Klientinnen standardisieren und automatisieren; dahinter internes Wissensmanagement,Wer pflegt das System nach der Einrichtung? Und: Passt die Lösung zum Premium-Ton unserer Kommunikation – oder wirkt sie generisch und schadet der Glaubwürdigkeit?,"Möglich, aber nur mit konkreten Antworten: Schweizer/DSGVO-konforme Server, klar geregelter Datenzugriff, transparente Kommunikation gegenüber Klientinnen – keine allgemeinen Versicherungen",1500.0,3500.0,6500.0,10000.0,4500.0,150.0,350.0,650.0,1000.0,450.0
P196,Reinhard,50,männlich,AT,Physiotherapie-/Therapiepraxis,Osteopathie,"Inhaberin/Inhaber, rein unternehmerisch (kaum noch fachlich am Menschen)",False,2,150000,2,2,desinteressiert / sieht keinen Bedarf,4,"Automatisierte Terminorganisation mit Erinnerungen, Absagemanagement und Wartelisten-Nachbesetzung","Versteckte Folgekosten (Abos, Lizenzen), Zeitaufwand für Einrichtung und Einschulung, Skepsis gegenüber Überdimensionierung für Kleinbetrieb","Niedrig bis mittel – brauche klare schriftliche Nachweise zur DSGVO-Konformität, möchte externe Prüfung durch Steuerberater oder Anwalt, skeptisch gegenüber allgemeinen Versprechen",300.0,800.0,1500.0,2500.0,900.0,50.0,120.0,250.0,400.0,150.0
P197,Bernhard,60,männlich,AT,Ernährungs-/Gesundheitszentrum,Stoffwechsel & Darmgesundheit,"Inhaberin/Inhaber, rein unternehmerisch (kaum noch fachlich am Menschen)",False,2,150000,1,2,überfordert / zu wenig Zeit,6,Terminmanagement (größter Zeitfresser) und strukturierte Aufnahme neuer Klienten (aktuell kein einheitlicher Prozess),Einführung kostet zuerst mehr Zeit als sie spart; Zweifel an eigener Konsequenz bei der Nutzung digitaler Tools; Unbehagen über externen Einblick ins Lebenswerk,"Sehr kritisch – will schriftliche Verträge, klare Antworten zu Speicherort und Zugriffsrechten, DSGVO als Minimum nicht als Messlatte; Grundnervosität bleibt trotzdem bestehen",500.0,1200.0,2500.0,4000.0,1800.0,80.0,150.0,280.0,450.0,190.0
P198,Daniel,42,männlich,DE,Personal-Training-Studio,Functional-Training-Box,Mitarbeitende Leitung (führt UND arbeitet selbst fachlich mit),True,5,369000,5,5,überfordert / zu wenig Zeit,7,Internes Wissensmanagement – gefolgt von strukturiertem Neukunden-Onboarding-Prozess,Angst vor Standardlösung die nicht zu kleinem Betrieb passt; und wer pflegt das System danach – Erfahrung mit digitalen Denkmälern die niemand mehr nutzt,"Startet bei Null, muss aktiv aufgebaut werden – konkrete DSGVO-Details gefordert (Serverstandort, Auftragsverarbeitungsvertrag, Zugriffsrechte), keine allgemeinen Beruhigungen",800.0,1800.0,3500.0,5500.0,2400.0,120.0,280.0,520.0,800.0,380.0
P199,Corinne,34,weiblich,CH,Präventions-/BGF-Anbieter,betriebliche Gesundheitsförderung,"Inhaberin/Inhaber, rein unternehmerisch (kaum noch fachlich am Menschen)",False,2,150000,3,3,desinteressiert / sieht keinen Bedarf,4,"Abläufe rund um Kundenaufnahme, Offerten, Rechnungen und Kommunikation – also genau die Verwaltungsarbeit, die heute halbmanuell und zeitfressend läuft",Implementierungsaufwand liegt am Ende bei mir; kostenlose Erstanalyse ist klassischer Einstieg für kostenpflichtiges Angebot; Zweifel ob KI-Lösung für Betrieb mit 150k CHF Umsatz und 2 Personen wirklich skaliert,"Sehr kritisch – 'datenschutzkonform' reicht als Aussage nicht; brauche konkrete schriftliche Auskunft zu Datenspeicherung, Zugriff und Konformität mit CH-DSG und DSGVO",500.0,1500.0,3500.0,6000.0,2200.0,80.0,200.0,450.0,800.0,280.0
P200,Michael,59,männlich,DE,Wellness-/Longevity-Praxis (Premium),Longevity & Healthspan,"Inhaberin/Inhaber, rein unternehmerisch (kaum noch fachlich am Menschen)",False,2,249000,4,5,skeptisch,6,Automatisiertes Onboarding neuer Klienten und Interessentenkommunikation; sekundär: Wissensmanagement im Team,Angst vor Standardlösung die nicht zu meinem spezifischen Betrieb passt; schlechte Erfahrungen mit Tool-Einführungen die nach Übergabe nicht liefen; verstecktes Kostenmodell hinter kostenloser Erstanalyse,"Grundsätzlich möglich, aber hohe Anforderungen: EU-Server, klare Zugriffsregelung, DSGVO-AVV, Auskunft über Datenlöschung – unkonkrete Antworten sind K.O.-Kriterium",800.0,1800.0,3500.0,5000.0,2400.0,150.0,300.0,550.0,800.0,390.0
P201,Claudia,40,weiblich,CH,Physiotherapie-/Therapiepraxis,klassische Physiotherapie,Mitarbeitende Leitung (führt UND arbeitet selbst fachlich mit),True,8,347000,2,1,pragmatisch-abwägend,6,"Automatische Terminorganisation und Patientenerinnerungen, sowie strukturierte interne Kommunikation und Abwesenheitsplanung",Folgekosten und Abo-Fallen unklar; Angst vor Abhängigkeit von System das sie selbst nicht versteht oder reparieren kann; kein internes IT-Support,"Sehr kritisch – will genaue Auskunft über Datenspeicherort (CH?), Zugriffsrechte, Ausfallszenarien; 'datenschutzkonform' reicht als Aussage nicht; würde Referenzen und rechtliche Prüfung verlangen",500.0,1500.0,3500.0,6000.0,2200.0,80.0,200.0,450.0,800.0,280.0
P202,Jan,48,männlich,DE,Ernährungs-/Gesundheitszentrum,Ernährungsberatung,Mitarbeitende Leitung (führt UND arbeitet selbst fachlich mit),True,6,291000,4,4,desinteressiert / sieht keinen Bedarf,4,Aufnahme neuer Klient:innen und Terminorganisation automatisieren; internes Wissensmanagement und Ablaufdokumentation für bessere Einarbeitung,Wer pflegt und betreut das System danach? Externe richtet ein und geht – dann veraltet es; kostenlose Erstanalyse ist erkennbar ein Vertriebsinstrument,"Kritischster Punkt – will konkrete Nachweise zu Servern, Datenhaltung, Zugriffsrechten; würde externen Datenschutzbeauftragten einbeziehen; persönliche Verantwortung ist nicht delegierbar",800.0,1500.0,3200.0,5000.0,2200.0,100.0,180.0,350.0,600.0,250.0
P203,Claudia,62,weiblich,CH,Personal-Training-Studio,1:1 Personal Training,Mitarbeitende Leitung (führt UND arbeitet selbst fachlich mit),True,4,323000,1,1,neugierig-offen,6,Terminorganisation mit Selbstbuchung für Klienten und internes Wissensmanagement damit nicht alles nur in meinem Kopf ist,"Begriff KI ist unklar und macht Bauchschmerzen, Datenschutz bei sensiblen Gesundheitsdaten ist sehr heikel und das Wort datenschutzkonform reicht mir nicht als Beruhigung","Vertrauen muss erst aufgebaut werden, brauche konkrete Antworten zu Datenspeicherort, Zugriffsrechten und vertragliche Absicherung – Verantwortung gegenüber Klienten ist nicht verhandelbar",500.0,1500.0,3500.0,5500.0,2200.0,80.0,200.0,450.0,700.0,290.0
P204,Eva,52,weiblich,AT,Präventions-/BGF-Anbieter,betriebliche Gesundheitsförderung,Mitarbeitende Leitung (führt UND arbeitet selbst fachlich mit),True,5,288000,4,4,skeptisch,7,"Wissensmanagement (höchste Priorität: Kundenhistorien und Prozesswissen teamzugänglich machen); an zweiter Stelle Terminkoordination, aber mit Skepsis wegen individueller Kundenkommunikation",Datenschutz-Versprechen oft hohl – konkrete Umsetzung unklar; versteckte Folgekosten nach kostenloser Erstanalyse bei kleinem Betrieb nicht leistbar wenn kein klarer Nutzen,"Grundsätzlich möglich, aber nur mit konkreten Nachweisen: Referenzen, transparenter Datenschutzvertrag, klare Datenhaltung – Vertrauen muss verdient werden, Ruf steht auf dem Spiel",800.0,1500.0,3500.0,5000.0,2200.0,100.0,250.0,500.0,800.0,350.0
P219,Christine,47,weiblich,DE,Präventions-/BGF-Anbieter,betriebliche Gesundheitsförderung,"Inhaberin/Inhaber, rein unternehmerisch (kaum noch fachlich am Menschen)",False,7,525000,3,2,skeptisch,5,Interne Kommunikationsstruktur und Wissensmanagement im Team; Aufnahme- und Onboarding-Prozess für neue Firmenkunden,Kostenlose Erstanalyse als verkappter Einstieg in teures Angebot; Skepsis ob KI-Lösungen bei kleinem spezifischen Betrieb wirklich funktionieren; schlechte Vorerfahrung mit externer Beratung,"Sehr gering ohne konkrete schriftliche Nachweise zu Datenspeicherung, Zugriff und DSGVO-Konformität – das Wort 'datenschutzkonform' allein reicht nicht",800.0,2500.0,4500.0,7000.0,3200.0,100.0,250.0,450.0,700.0,320.0
P220,Theresa,44,weiblich,AT,Wellness-/Longevity-Praxis (Premium),Privatpraxis Premium-Prävention,Mitarbeitende Leitung (führt UND arbeitet selbst fachlich mit),True,7,504000,3,3,neugierig-offen,6,"Onboarding neuer Klient:innen strukturieren und automatisieren, knapp dahinter internes Wissensmanagement und Kommunikation","Datenschutz bei sensiblen Gesundheitsdaten – 'datenschutzkonform' reicht als Wort nicht, ich brauche konkrete Nachweise; außerdem Skepsis ob nach der Erstanalyse wirklich nachhaltige Begleitung folgt","Niedrig als Ausgangspunkt – Vertrauen muss aktiv aufgebaut werden durch nachweisbare Erfahrung im Gesundheitsbereich, transparente Systemarchitektur, Referenzen und vorzeigbares Datenschutzkonzept",1500.0,2500.0,5500.0,9000.0,3800.0,150.0,300.0,600.0,1100.0,450.0
